"mean_lp","lcl_lp","ucl_lp","mean_sigma"
-1.00102021609585,-1.10044792126764,-0.902029355085085,-0.278038548906088
