"mean_lp","lcl_lp","ucl_lp","mean_sigma"
-0.761843191245335,-0.904781545466681,-0.622791590203426,-0.163844028241749
